2.99935213176598,-1.58495291698781,-0.919806543758911
3.8391047212825,0.908633625838979,-0.326588347091609
-1.14665895713057,-2.74955513252617,-0.999781021291884
3.56055937861725,0.538924727438625,0.799163191835592
0.952471453903504,3.88465786566017,-0.0236175932863448
-1.8269006906139,-1.69333328862409,-0.860750228586456
-1.27540519171675,-1.79525573347438,0.602897160629142
-0.871469713764344,-2.70516549685516,0.987450815043032
2.73599286242954,-0.475274327144242,0.974810767664111
2.03623514428373,2.03362658589966,0.992508871727599
-0.776289094877087,-3.38373889249325,0.881788932474623
3.73243132235798,-0.128163568187999,-0.678466758464137
3.62511868903429,1.26269791663714,-0.544538774699368
-1.63604159283026,3.11220287073464,0.856572922648426
1.46908525806045,-3.40899341741445,-0.702110673350395
2.7939710741639,0.0928896711148329,0.978869650432987
-0.482341605341883,-2.06696410979384,0.479571379893234
1.91057417295121,-2.5889137020224,0.976044334565277
-1.49404795977411,1.37769142252301,-0.25207591880419
-0.355701275478703,3.81399865231911,0.556944885022383
-1.90514913473475,0.901309410568067,-0.451233067804877
0.695458417811623,3.696622723898,0.648196185215681
-0.211799711624341,-2.63257217209132,0.933367729373409
3.41473346217829,1.70434556069428,-0.577433217336219
3.73553889462264,-1.42917399617886,-0.028330072789284
-2.96650304495246,2.23729051994047,0.698520526025225
-2.07144116932125,-3.15561302986886,-0.632263709832738
3.16842632445823,-0.130435170373247,0.985251929126865
-0.132929356907426,2.10259085533826,0.449637106950702
-1.66625350349814,1.41796348563939,-0.583554788188466
-3.51558848972616,-1.90300157853769,-0.0692914712253993
0.961989855732037,-3.13686406753513,0.959690825756184
-3.1255602064943,-1.1523671296036,-0.943550925127645
1.83086949403241,-0.80896942112659,0.0570380460648135
3.01478778762807,1.47563155586877,0.934275902047252
3.91014124516991,0.60991423248474,0.288687447762221
1.86628187755452,-0.783348907158849,0.217845303830684
3.88984801120428,0.923395029317047,0.0640535294394115
3.98428338567948,0.199870988484595,-0.145939715439368
0.876481799899006,3.7739219562249,0.485268113263853
-1.28678274073423,1.57629951823755,0.261620686657201
2.81410504521642,0.992768934039702,0.999873385901341
-2.87276989771156,1.07837002302846,0.997651155063734
1.23655613080304,-3.71770072672115,-0.396685011632639
-3.71956054540688,-1.41009825356674,-0.209179361715015
1.83068515617934,-1.84421277313913,0.915886573696029
-0.754003815632796,-2.42887470606959,-0.889578292930185
-2.36361156826054,0.255907312488371,-0.782559898197281
-0.834927081069106,-3.859215506039,-0.316778910853842
-2.31112962152641,3.21149956920073,0.291252359936783
-1.07150183416954,-2.42886470645892,0.938497062075609
1.1117666345175,-3.42737979748157,-0.797599720614252
-2.37461292782798,2.54562599526791,0.876591533865621
-1.26661641003147,1.80586348813324,0.607628726026956
-2.93451685243312,-2.15081397307047,0.769769128093361
0.435603426181227,2.1794178909763,-0.628912541383717
-2.15691562873901,1.89776501162824,-0.991895318877325
-1.7617104143857,1.41113428028148,-0.669506420694591
3.17436229503004,0.216582399734687,0.983346197848533
1.23182565006212,3.45335598851365,0.745524565112073
-2.01891864501475,-0.541439935893298,-0.41517991866736
-1.73716310303923,-2.53177685437058,0.997515697355446
-2.06936777234609,-0.0306023183001392,-0.366530687009088
2.13855103781353,1.2390140057316,-0.848964029254812
-1.29205134038661,-1.94829520140825,0.749316178897904
-2.63086564907427,-2.94066383945671,0.324889805743833
-0.325326814215605,-2.73480886261155,0.969292910931179
-1.756501589965,-3.42499944879483,-0.528159412996871
-3.82786057172427,-1.16017846480589,-0.0191655421847805
-3.46908413814538,-1.56997077852818,0.58945447636288
-0.212853444372788,3.86081997168382,0.498859271757167
1.13887103450369,2.07693874135775,0.775532206422117
3.98884766366288,0.275528189442491,-0.0573811567572793
1.90116203616045,0.915230482522662,-0.455943837498611
2.4089128198703,-0.51103772726516,0.843278538941058
3.65767355026198,-1.57650237807195,-0.183842949261802
0.473242109636748,-1.96651549311442,-0.211661595576318
-3.65887005413866,-0.630429356374461,-0.70138276000255
0.107109791867962,-3.89999717951702,0.432846298373066
-0.323927444806533,-1.97878761914488,-0.101120250271874
-0.567545933266926,3.82443025478949,0.499501773935183
-1.27888608645154,-2.56363271043291,0.990834592841418
3.2908135063233,1.02025806572981,-0.895360647750992
2.48607194203676,-3.06361259517149,-0.325877513741804
-3.70860441131635,-0.359633090274752,-0.687693759140055
-1.54470737102817,-1.28676751370225,0.144159919829375
0.105566552972714,-2.04179771517925,-0.295071853541396
-1.63035401983792,-1.23382891496089,-0.295313914255704
1.13564260488033,-1.88955756810975,-0.60604042547341
1.10772602109253,-2.76252552900697,-0.999720080672352
-1.6181117895906,-1.18292730368715,-0.0936610875091934
-0.276172928198161,-1.98359541092655,0.0738237872537287
2.21291660072301,-0.658533092402494,-0.722685944527389
-2.91544931500267,-2.2699432725654,0.719080077191669
1.45888215755783,1.37846039236558,-0.119034764610154
-1.76310662042861,1.09031949575451,-0.37506881444383
-1.45867505540486,1.46783779401704,0.365954417656998
-2.72705728371018,-2.86941334184317,-0.284815459553918
3.4619817553952,1.94702554951524,-0.235271132332817
0.45416898402042,-2.27940011290427,-0.737090703492325
-3.7806527935073,-0.786270409677184,0.507675297757774
2.16475103178987,1.48990435430303,0.928200549207548
-0.672478796359489,-2.44588752814934,-0.886175396869845
2.53278551711712,0.504984048652852,-0.908739633131051
-1.17356559986065,1.75227979877039,0.45393802390164
0.194791674499885,-3.85882554595466,-0.503939569351207
-1.10033427898003,-3.16256915909507,0.937301731551535
-1.40126048396027,3.60995932102142,-0.48882593773657
-0.990589893650464,-2.32605884341134,0.881708014219763
-0.0897135197899214,-3.71275176003816,-0.700313411192662
-1.54426719059744,1.86427648103627,-0.815187723128717
3.00897645317752,2.10612336503642,0.739795306367584
1.45001093671598,1.70457281553011,-0.647434032008638
2.95916848837402,1.72901846000125,0.904123848051585
-2.39705208379132,-0.408401001793828,-0.822748309277906
-2.21110093811869,-3.2554370797412,-0.353771186664762
0.491325664110654,1.95296057029374,-0.165655109892851
1.88552528094993,2.9485480778678,-0.866096213487279
-3.08583945974103,-2.51736437762207,0.186776864535698
0.39805096735112,2.64622538094841,-0.946055630667648
2.18584500020983,-1.84237699162239,0.989969460096645
-2.35515402682667,-0.620152025334114,-0.825387963957349
-1.45781607094701,-2.180140767957,-0.926066714232361
-1.03138548529369,-2.09501513106219,-0.746961435221781
-1.0468986841832,2.40317238939087,0.925521096593321
-1.76201474932633,1.08341278731962,-0.363609439101159
-2.00692364302344,-0.00995920536528104,-0.117679343636982
-0.495082437620128,2.50579547831995,-0.895150137079427
-1.23898202538238,-1.9373434315252,0.713796599838365
-1.83904941381952,-0.80275607705372,-0.114866508858287
2.52752063393341,-0.96954218630648,-0.956142072940983
1.4000573157359,-1.61581467352711,0.506897755392915
2.52972096695205,-2.75194823321416,0.674791458596014
1.73602960037557,-2.98705022910195,0.890547416927431
-0.538394987750529,3.9221250046913,-0.283725237140438
0.71493546033174,2.76732369446811,-0.98989296965844
1.15880325305804,1.6302685838568,0.0173286925432979
2.33054003382481,-0.846954055291821,0.853963396819425
-3.03613224566666,2.15316501673906,0.691762019402483
1.61638673359287,1.19897768377418,0.157770392936931
0.735366518974616,3.92058798607427,0.148205980394457
0.023376301530872,2.06723359598854,-0.36082319381254
-2.21732249201236,0.332419592260658,0.652373183460049
-1.33638842097388,-2.06126817154648,0.839457691265851
-1.79875307541646,1.06508939303562,0.415566681807952
3.26438013073485,1.82375083381154,-0.673393781760622
-3.39966871580086,1.00151806756309,-0.839007474284178
3.7244578163439,1.14072668356394,0.445597491719103
0.436300291686821,2.00355661026977,0.313801551949876
-3.81115998212836,-0.743389375410516,0.46940225402889
2.55206789247399,-0.616157661349775,0.927184643420707
-1.88906832871744,1.33065142725996,-0.724450881815569
-1.57328384233647,-2.1462163418545,0.940823309479868
-1.10827174922459,-2.71300696549965,0.997591959223519
-0.85129454097832,-1.9630438393543,0.509759480499877
-3.93939688414462,0.641548515077129,0.131662768295276
-0.687896299022564,3.00157424745052,-0.996843548450875
-1.06742486481738,-1.71075897528368,-0.180665131534138
1.140888373349,2.09506714640716,0.788969446990698
-1.76085815989733,0.959448795549321,-0.10266375286873
3.17317098815663,-2.33245940254343,-0.346106737283777
-2.76137946417952,0.461243755511212,-0.979721547939191
-2.3700928038656,-2.6142793304233,0.848802349431101
-1.83136067904698,1.89216333446005,0.930331395809101
-3.83263046419211,-1.11262430417391,-0.134870715514773
-1.39884252709755,3.18409928279115,-0.878456460140172
2.52068296855439,-0.0945190831669853,-0.878606996255613
-2.54624918078634,0.263633284632306,0.897929562423388
-3.6299418325616,-1.25974484111851,-0.538975354678657
3.80656066879482,0.255287251103393,0.579304111500127
0.875922646534323,-1.83737853051205,0.26402909939776
-2.21628548345484,-3.08120137983544,-0.605970355973464
-1.90677541784318,-0.880708422172044,-0.436596950762305
-0.585592084434446,2.42005647743841,-0.860113844341783
-0.196073979698313,2.76250807378583,-0.973062300428415
-0.0992247411261415,3.73660397144158,0.674886897237136
-1.84433704901013,-0.961808854822573,0.39206245723225
-2.0188806239916,-0.654755354750057,0.479394388301659
-3.01619645232238,2.61013545496893,-0.149476760862276
0.599465059885704,-2.06809862653166,0.531955797458834
2.90213052416265,-0.56303021864333,0.999042144016095
0.936821374059199,2.2955396687285,-0.853765323147862
-3.72025807154385,-0.277367129126084,-0.682823453355503
-0.241178880889209,-3.37613282293557,-0.923026515737572
-0.0701084930247352,-3.91160192844521,0.409678080835884
-1.62221176717074,2.19027391246312,-0.961614356347591
-0.371240214913068,-2.02444777272748,-0.336187889108938
-2.08417451953133,0.553602790615843,-0.537044410320165
3.65745858600367,0.160066615014389,0.750421554101405
-3.36499969178043,2.07150764905546,-0.307643024618728
-1.41189889464474,1.47191199304306,0.278637789981177
-0.996432401667865,3.74672757028884,-0.480557215697984
2.20215802478481,1.37943040300907,-0.915869647154684
0.85919773209953,1.80606794667254,0.0071473381641901
2.30128625808285,-0.447805493998444,-0.755152215430445
-0.9254936767644,-1.85477098509386,-0.374694452328407
-2.72454320906117,2.89058086158896,-0.234036692331462
3.46290005056994,-0.595633691751305,-0.857938473177917
-2.38413113568518,-2.74121403993016,0.774191551442421
-3.2305249250124,1.77132959397991,-0.72922182192771
-1.50675114207012,1.33256477044926,0.151051166493594
1.35590363767078,3.24415414985646,0.856523913352378
-2.188915324927,-0.00524390663927676,0.584937466036353
2.87054286334048,2.18617867300147,-0.79375342714009
-3.76682658796929,-0.740327239910177,-0.544302890377252
3.52028116540474,-0.475835002121757,0.833648871181673
2.02942181275845,1.69183013993744,0.933770779364752
-1.22408525799626,2.68551595799001,0.998815176748552
2.48826003452955,2.17596192398268,-0.952196053536049
-1.48102793607496,1.42575118973147,-0.329300549146483
1.60804765620002,-2.8002439549339,0.973399369107797
0.0819256999177068,-3.61507415914146,-0.787744314223277
3.26334075216386,-2.08197116739086,-0.491430506088128
-3.02137749929676,0.0174989506248233,0.999770390333792
-1.46826225402469,-1.38500640164586,-0.191073822509292
0.56393211040195,3.92864299215319,-0.247409201923991
-2.2192835479394,-1.95368144813119,0.999062230815086
1.20062172823425,2.32599225013521,-0.923989192822899
1.16115387558888,3.80487064078475,-0.208112291311147
1.18408892185695,2.31331211425807,0.915966720457615
3.33810651612652,-1.99138257946268,0.46182113754114
-2.24852641156798,2.20511999310369,-0.988783919386105
-0.360511835114479,-2.41040010136535,-0.826600589968551
-1.54092379254458,-1.58282423281938,0.611844734348179
2.10388565755438,-0.65803512881095,-0.605812076200062
-3.59738520665923,-0.140661138759922,0.799899371689355
3.09586055717501,0.0467648534448692,-0.995360696280477
-1.64938202091288,1.1411788951502,0.106427324815086
-3.32688266484036,0.842804196384036,0.901884548732674
3.67657879999671,1.29736118697511,-0.438428277680142
3.49261628799013,1.67934374047222,0.483436922943574
2.03357934412228,-3.40338227037113,-0.263531531010728
1.89456825530075,-0.675558138926664,0.150627274361073
1.97909657367728,-0.799334082051735,-0.500774510731989
-0.288522694680412,-2.52677125974853,0.889564588478452
-1.75934807390021,1.95146749134832,0.928014987154748
2.23106806116575,3.08953836520038,0.585193258369762
-3.78472126095592,1.09747000538159,-0.339436941988986
-1.59202522001307,1.59938577667964,0.668929736099872
-1.81116035590705,-1.30491049155724,-0.640790616510635
-0.650232467856981,-2.02865002004065,0.493599343853671
0.981682728101654,-1.80391147965335,0.323370991974579
3.50565802506229,1.43027915416991,0.617967732188489
3.16538921923476,-2.26505083168942,0.451406130004287
2.22678284225019,-2.82555709567816,0.801834890884031
0.178754942224946,3.96045610437994,0.264126309978158
1.93897426343615,-3.46414143691857,-0.24360835705962
2.54452918650289,1.08391567743144,0.972182007407506
0.213581995916482,-3.29407535694056,0.953626591136192
-0.00679487013682656,-3.66368067321344,-0.748010427845646
1.22951773715699,-3.66068314709269,0.507508644047137
0.159855071367529,2.13114495785547,-0.50542905321788
0.546680186908827,-3.96180152710316,0.0362909468580896
3.40630065471217,-2.08824539573178,0.0952431357716325
-0.623504710438877,3.51368858865559,0.822627741034071
-1.90068474282314,-1.47548534126043,-0.804591366772951
-0.762854632676436,-3.70953075681149,0.616751410111863
0.286792713394687,-2.59525114484803,-0.921258579653965
2.288133335567,-0.0195390853252866,0.702399187178328
-2.13820835046711,0.234623468484078,0.528460860488023
2.76164873901247,-2.77403809195879,0.404966551424304
-3.5606371585245,-1.64503455018477,0.386523891992267
-2.03910206298949,-3.40283053340522,-0.25472668151182
-0.225846773983217,3.94739207850066,0.300291061385248
-1.51302673612551,1.30989756297056,-0.0503819966119343
-3.76380554138368,-1.25395482002122,-0.254035735219843
-0.690979775504962,2.52760110690226,0.925129120793794
-3.79968063314652,-0.0115959080211602,0.60040201965622
-1.37156340596573,3.75423478875043,0.0782731364974135
-1.52817535089892,-3.27081800449893,0.792244607324988
-0.207606922945381,-2.7622129982065,0.973191536684581
2.83286400709253,-0.802909303604608,0.998455869130638
3.51084745398154,-0.488125060322991,-0.838684305387856
-2.29012586935198,0.738905318118949,0.804744390976121
-1.18033706211356,-3.42607700007935,0.781664083975047
-1.73675159558478,-1.57011584522103,-0.752384027672809
1.72102403334687,-1.29374431930174,-0.531699841916607
-3.77981752582415,0.141825011166147,-0.622679054735979
-2.10832211851948,-1.21352875454688,-0.823460925461691
-0.109429505976658,2.51129148970667,-0.873777752349087
-2.0442106050408,-3.41375689546506,-0.203804636446832
-0.971570900821977,3.69024485774017,0.578051692626215
-2.74718559138127,2.31119860772596,-0.80734546479885
-1.53526273746255,1.91737952610275,0.839275184320109
0.214798524107027,-2.10518110771205,-0.467696796312894
-0.171765325385553,-3.43569593790486,0.898004189111989
0.868393799323829,2.13518059504016,-0.719026292121739
-2.17176975709755,3.21070232434103,0.481885087869995
1.99046848569184,0.243468501944279,0.102852627559697
0.647535538075644,2.31327685953607,0.801643306001832
3.64237666288274,1.6155118410616,-0.17499953216416
1.60532863624693,-1.27068985185174,0.304138428611854
-1.78140320439366,-1.97170599885784,-0.939429698955756
-0.195753357645499,-2.05348177195642,-0.34876828318493
-3.00066400553502,0.114291005483912,0.999995967739242
2.3449952673342,3.20492701791832,-0.238198722497831
-2.32256336961856,2.11336309722298,0.990128881975291
-2.70626976615549,-1.66940675492137,0.983712183828523
-2.22594001583068,2.74774830198039,0.844071273457818
0.616587174137705,-3.7028749847628,0.657035389267138
2.27084713456467,-5.55647820111779,-0.0720525485676455
-1.86897703140653,7.74817728419891,0.241490634893851
-7.82316667832975,1.64893896816427,-0.0993053185313368
-5.48842912688442,3.33034216377609,-0.814485199792593
6.01162798066684,2.55613864090257,-0.883991431025492
2.84082528618581,-6.63287772809959,-0.976474545829827
-5.98542052538615,1.17339948929067,-0.434554565176362
-0.458686555190416,-6.64936181494499,-0.942276280936484
3.98291329168514,-6.88593180480006,0.297084981962273
6.29758762582763,-4.93199225528297,-0.0444910456521557
-4.20026157339032,-4.30955139386604,-0.188061148335325
7.1124934340543,-3.41496566904241,-0.456275398543389
-5.19498064602736,-3.18369321854463,-0.420967527390156
5.8840820815952,2.91079604732487,-0.900280653660469
-5.89693189141024,-2.27799249950312,-0.734724081993053
4.58889691407951,-4.25077609127959,0.667247187400901
0.98100902356174,6.40162694481115,0.851938092918769
-0.423064713546018,-6.19957738891367,-0.618221130365848
3.84380570729049,6.27658529413096,-0.932932240706436
3.49118039558995,-4.88813527155002,-0.116818126967229
-6.13594412542004,-4.99049398619833,0.416443037234366
3.43880941972295,-6.73019258468,-0.829950425747456
-3.92396348166255,6.00735083891723,-0.984504845012385
-0.724366984319716,-6.48784330803227,-0.881681951218048
-5.69821877631635,-3.33792016033589,0.91820453728546
-6.85170735425632,0.48525889863358,-0.991365131342523
5.47813678673535,-3.1788544055257,-0.745637389804021
6.30855361258831,4.60952972301825,-0.58202736354506
-4.08022234287439,6.10994313607226,-0.937834645200408
6.41294432748967,-4.72740622846929,0.254505720469644
4.18713440248283,6.39996124879776,0.761657327705992
1.7060180567249,6.55919724707892,-0.974916858930299
7.15566832423411,-1.06741611261281,-0.97203309638752
-6.23072137767768,0.738920370673181,0.688099662416458
-6.83069360606051,-3.38484005645796,-0.781940224883531
0.821231384428281,7.14823710109186,-0.980752231118388
3.99989378821913,-4.52619731522364,0.281136289149199
4.55378916280658,6.08597330367682,-0.799206193714612
-3.16645899042781,5.7935556140205,0.917560929754665
-0.284646387154439,7.37478384300375,-0.924873429965159
-3.62912540587313,-5.58035971738712,-0.939206882796966
-5.99259950858914,-0.368988562236733,-0.0887808886772302
-0.522571554416207,7.70607440236663,0.690038529473486
1.3577270274981,7.30835345292561,0.901201104366285
2.09966893998607,6.72037821586017,-0.999169569385065
-5.38960548291618,-3.5925765851082,0.852471180150177
5.84745407691136,3.9585545665348,0.998115402202714
0.952330077600677,-5.92485007674543,0.0423779804900467
5.2517533695551,3.75477169918913,0.839049461554416
-5.29684525239271,3.6259133617553,0.813917809778639
-4.77625314282261,3.65116800517261,0.154175856382761
3.92991854664877,-4.71247071804243,-0.50365174685623
-7.49924175134818,0.957915739548373,0.828375036408003
-3.27975767597935,5.09430116908888,0.337771126895717
7.38790302767633,1.90853078087979,0.776238712501778
3.26269715718287,6.52310931355261,-0.955937905166113
6.49414442259008,-0.208465515802389,-0.864571099331132
7.23717384170043,1.8972359184502,-0.876323164313337
-3.03496259659721,-6.06579760007311,0.976102883783749
5.56444291666619,2.49159980218938,0.429241394956514
-5.82913912779377,3.58638946510221,-0.987765319210324
4.87685792303803,-6.18363934457195,-0.4834896614273
2.75188707291434,-6.54772566148959,-0.994732369272496
-6.26363324903375,-0.867327256577844,0.736348614632317
-0.230710920786731,-7.24106133073404,-0.969589805613769
3.20580764349507,-5.45717661509777,-0.741581599574705
-5.39418488105109,4.27075726578806,0.992793187897219
-5.30987588802527,3.10377826787013,-0.527532489728842
5.97868788189947,-0.510606798785996,0.0300739642639333
-2.94814324342745,-6.72464694049848,0.939514879065615
0.0968721716031298,-6.65648165598997,0.939403487524694
3.77210866872203,-7.05192875444642,-0.0719808414192381
-5.43144935278142,5.50657819270064,-0.678569836796022
7.04380770106414,-0.390180829345592,0.99850797081544
3.94723354698576,5.62416017180407,0.991655848159505
1.00750932779536,-6.28225882454997,0.770479272565669
5.94098230677924,-1.05425887899132,0.257790567796537
-7.04070306091114,3.67728084783822,-0.33232056175008
-7.9538327199854,-0.561626758786015,-0.228105024989671
0.127917845879091,5.99879272375915,-0.0176868436969199
-5.02943459933134,-6.21530517021457,-0.096576588241957
-1.01175004993211,6.01530002244426,0.435461874778711
-4.31612725005901,6.72850125216683,0.110709049727204
5.88609376061922,5.21469163154451,-0.503861218916488
7.90530783528853,1.13712994643591,-0.162711546450255
1.88792895778952,-7.67404789303062,-0.429922627746057
0.398056715269182,5.98698344405525,0.0200815973288782
6.32537692279906,-1.51616976186088,0.86863616324516
-3.2747710035775,7.10537071337832,0.567013181752108
-1.10436717941161,7.91680939169631,-0.114128946509145
-6.12287564120404,-2.42622100408425,0.910303067603114
5.61218231013965,-2.12504834772894,0.0454849136669516
-6.11381392742762,-0.0599377917006464,0.463891019362804
3.35987000524796,7.1438102482307,0.447115964139417
-7.28909218081967,-3.28978972704719,-0.0761247269387736
2.95430744337492,7.24885736435969,-0.56107866158742
6.16476366143738,0.165976961647418,-0.553269369733162
2.8982721640563,-6.75736115451355,-0.93574378318804
-6.46010131047737,3.06389355570439,-0.988708767517411
2.45074106194683,6.35409791478472,-0.981849276825562
1.15815274252803,6.9248017723581,0.999779839979396
3.33600378713014,7.27111895792028,0.0154423625856058
-5.49100607620545,-4.93628772358809,-0.923484288148686
2.19963052313286,7.33488679555222,0.753361512220534
7.82498224054825,0.442187960079232,-0.546489044860429
-5.98410624977878,-2.33236252795368,-0.816442243217655
5.01830721709247,-4.41070321048023,-0.947803800253272
0.313446694965795,-6.76572819309568,-0.9738912790452
3.10429214825678,-5.38869230450129,0.624397630343754
4.06261556977795,-5.74921728004983,-0.999208908802481
0.98031631862947,-6.62109510768975,-0.95179794553855
5.96459019424055,-5.27752814718883,0.265140047388248
6.0321748454926,0.541832928925055,-0.331260624938139
5.36197037549975,2.74233575011953,-0.211175894011983
-5.45580660333385,-5.81274824432201,-0.234699480760639
5.47329810226704,3.54588626903621,0.878101727916643
6.0150346554416,-1.44059981570863,0.579659280922526
3.6232016903864,-5.0103604415951,-0.576845361747839
-4.78022970287081,6.1066464106031,0.655598464816978
5.90963112649831,4.22196474133051,0.964841657560743
5.63001549074185,-2.27310797889204,-0.371534556271524
-7.99101760613368,-0.267742555641187,0.0947430099457076
-2.43929956466826,-7.28498229837885,-0.730864734343161
-5.56694934301751,2.82437632686625,-0.652762699124833
-2.47078928090536,7.04115232419621,0.886838671500711
3.09557423445064,5.29520776618271,0.499457553726036
6.44015866331552,-4.28441727089055,-0.677951477759926
1.46418159826902,6.10915407122548,-0.69621278514713
-4.47405989400348,-6.14790634344796,-0.797325562817504
7.81679016315492,1.07646473929715,-0.454859874546431
6.97049653235184,-1.38377630780951,-0.994310316722308
0.264224933524468,-6.01655400524959,0.210253531345501
-2.93586635188271,5.39447703634282,0.513041304191491
-6.50577898899114,2.88361032332532,0.993225290254101
-6.0161540915532,-4.13846553329996,-0.953268805205524
3.26793664597134,-5.97370770215988,-0.981620210139658
-5.20575228172652,4.41220542091201,0.984395897249796
2.83223829588163,5.30122367227421,0.14363927395184
7.82782332546456,1.31247598760042,0.34908556314669
-7.91346715943413,0.939306644772478,-0.24698726391779
-5.97326279209571,4.74709368173507,0.776708515021231
-3.22748231300551,-7.2474883325854,-0.358198661811839
-5.140357522682,6.04344627726448,0.357575609498699
4.26591094867614,-4.28858629781758,0.309080939361559
3.4350571122109,-5.79885651675671,-0.96558372817306
-2.97591044062019,5.81153389568144,0.882220208975544
4.69726195741322,3.97132526098735,-0.528509491486892
4.08981402659924,-5.27870399089924,0.946627824624157
3.54787878589413,-5.58863499891504,-0.924858741184919
-2.85279513994976,-7.41743802039968,0.320859040994129
7.13226051162091,0.0487664448989939,-0.991192730560526
4.17803238905239,-6.22386257771911,0.868230905124333
-1.79451348959465,5.7327376620681,0.118471225335819
-4.00341792094104,-4.83490489362882,-0.691092311225485
-5.8847507322373,-1.17856566984792,-0.0567011184373405
3.91343537025282,-6.72052288985493,-0.629605704561342
-2.02523770159559,6.969082535965,-0.966307797373419
7.55191769174193,2.63967451813485,-0.00906644665556491
5.74995081809522,4.46359435443604,0.960255809906546
5.7520216543987,-3.8764378165498,-0.997970314435706
6.19717819147345,-4.5876434038462,0.70371819807665
-5.78315935282317,2.58756449360952,0.747418896949063
-5.49720765412513,2.63723576737978,-0.429794858300953
-7.02256841360766,-0.923180857032461,-0.996550481837841
-4.90254873017607,4.98724268567128,0.99997818676447
2.24369762789745,-5.7036615453653,-0.491469985906745
-7.26198766663989,1.20369363833114,0.932538933343513
0.453215917745656,5.99129432062704,-0.129432734363838
1.2331609068226,7.82122468623489,-0.396943075469286
-7.06923670812819,-3.53143981454229,-0.43126367114625
-6.65246543083417,1.61012818714574,-0.987843122354294
5.87687838311549,-4.77317423984741,0.820910973384595
4.30572505543177,-6.43002366142716,0.674247086363141
-0.355446589119218,-7.65406641624333,0.749225273428292
0.0043410387666912,6.00732085946708,-0.120794196569716
6.17304824174084,-3.03513178044902,-0.992633964677589
-5.60486030133269,-3.65902447161796,0.951870100953138
-3.75889143302047,-5.87422419448299,-0.99966026009523
4.63435968817789,-4.21467337744269,0.677247449288403
-5.67449663173197,-2.23593461625138,-0.434076879751645
6.00040876519164,5.25515761878415,-0.216357893924279
7.06369668941112,-3.56795487495794,0.406465316665354
5.87453254001463,-2.21491731535406,-0.692117979841273
-0.0699479612078318,-6.30839151578353,0.722643716803012
7.05340981697524,-3.62292437574012,-0.368949084619532
6.22050997414799,-3.34587737260462,-0.997997089764151
-6.33431802749891,-0.294943147902398,0.752301475881699
6.15012536064192,0.963090220547175,0.632055754735391
-5.39307133058337,3.30350225160855,0.737290831475743
-5.00758632059981,4.24639512781302,-0.900745370265826
4.93407931487613,-5.45417503239182,0.934940134920597
7.84502590154104,0.566216291366125,0.501025111011228
-6.04521162346407,-1.35734417808989,0.594252756908964
-6.25580548929358,-2.50105496845147,-0.964860728401199
6.40692851850812,1.14459901384281,0.8708024534985
-0.773300420691964,7.92711601494715,-0.263186651188071
-5.7046972939489,-4.41679049751365,-0.976684410507046
-3.87743473263342,-5.73631822477608,-0.997097189732207
6.49541024438804,-2.54553242323849,0.999721367169791
3.28916061439114,-5.02348526896002,0.0947278966191926
0.0140878264873308,-6.61525651201278,-0.923029788820866
-0.655920537004073,7.97261383986027,0.0299904011332587
-6.06627708087433,0.0360191618045216,-0.358275299411911
2.6317903063884,-5.58826184902736,-0.568001696026674
5.01458048667477,3.87758354909329,0.750299081601797
-2.87433258340542,5.70214475921399,0.789016365098923
7.40480403211578,-1.97449365803165,-0.748146442360801
6.84291826886264,0.333745598325953,-0.988845063521003
-1.67892775744679,-5.87812540373616,-0.462144360208084
-6.72250610964849,3.10014225031378,0.915242758250025
7.966406073581,0.729563066217321,-0.0226703023380503
-5.2850547139668,-3.03260135753948,-0.421806024062516
2.22534758757043,-7.63478479481335,-0.304567196458756
2.8226658858159,-5.36103987037701,-0.337650689079148
-5.37350383822021,-2.69870967362082,0.161437806127255
-6.89606979771644,-2.73639362386236,0.907921915073505
-4.45501053574948,6.11085385917305,0.826876101924904
-7.67895957338559,1.62713516380757,-0.527656435871051
6.16264465320721,0.145505522183321,0.549280819990645
5.38006204207162,5.06537439296702,0.921072955103087
-6.27820243147269,0.954753232529228,-0.760262661340211
-3.65694729594266,4.78041784640647,-0.19286898847012
-5.28369668960859,-5.98306309762739,0.188172593160047
-6.89687126725328,-1.72692333365587,-0.993954932899314
-3.51380216325733,6.90658329649079,-0.662519118211816
-4.10180166994771,6.50235576565482,-0.725706774453224
4.63013920782194,-5.27175198068707,-0.999865874141526
2.34046718678241,-5.9988809189573,0.828007167418187
-6.24099693291498,-1.19085108066218,-0.762994452243749
-6.0905402956442,0.789493980283334,-0.512808054631972
-0.326173831853074,-7.61200516567815,-0.785398691379924
-7.75886489887266,0.533779208846326,-0.629248497852562
-4.91824162834678,4.47697564254072,0.937027790197951
-4.85501559987812,-3.53118283074291,0.0820053352513597
-5.89043678459164,2.04375359385913,-0.64393017691524
5.98778112535043,-0.595531375925874,-0.185328417087962
-5.84821253751411,-4.43526811266818,-0.94048469681326
4.40267581922542,4.60005021525814,-0.774493671349525
-1.65286361081927,-7.81929399540724,-0.125620476075488
0.332593769258523,7.01893308020725,0.999640582796698
-2.06701871671582,-5.73487620203892,0.427559409722719
5.98972106143726,0.506010835685261,-0.148295634050411
6.0634534527214,-5.1100555140345,0.368636945291808
-5.00511159780124,4.05207343006777,0.828326780571468
2.22214415482451,-6.37105260844633,-0.967586833033867
-4.16521059982391,-6.82866022665744,-0.050508370934811
1.9661616380651,-6.79207174312785,-0.997481400774804
3.66068127462798,5.3696339808698,-0.865293817571362
5.31401517593807,-5.1866969500578,0.904878232604365
-3.60028568360544,-7.05410321737685,0.392506303673772
1.29105338487143,-7.63512289555567,0.668726729309823
-4.20723393648268,-5.68566797451712,0.99733034312777
5.82029932913492,4.09126944014564,-0.993437337774493
-7.72063417663151,1.9977476016177,-0.2225999302164
-5.83704799387178,3.3155535674061,0.957922899433633
-2.12988454725922,6.03902456413224,-0.802695096875991
6.55362698898795,3.69416083245011,-0.852278762789741
-2.53451049772041,-5.95324141412327,0.848187225829133
0.474871475184673,6.08181536034325,-0.436562982595514
-4.67909682912545,-6.14502084968014,0.690135976748633
-3.45371954736794,-7.13556441689921,-0.373948005583208
-4.0645829817128,-6.73564741080298,0.49829797969662
1.0944218749895,7.03585864643742,0.992717197396352
4.98845040192779,-5.39996297153321,-0.93619591887339
3.35301376929909,-5.36877213014272,0.742183931002319
4.10742539946743,6.31024527183253,0.848443842290913
-5.39886991935207,3.03994374530318,-0.594480698670107
-5.18145090883382,-3.03053912050075,-0.0725170773164671
2.46868709308451,-6.00215295320027,0.860181528297976
-7.8834498064815,-1.19943914037721,0.225802917739124
1.13434121681154,6.0119042261993,0.471218568313116
3.9040057739529,4.73725646962029,-0.507989352511118
3.0964178938047,7.15221718858485,-0.608288058159798
0.798625277958438,6.10507003563818,0.538045065566425
-1.40007047291377,5.91118098592449,-0.37929175748457
-2.49628402953204,7.15385810921507,0.816828476442019
1.38769464498526,-6.51797965172344,-0.941884979724186
0.0513642967105509,-7.28139005919053,0.959540330582044
-2.78417379449121,5.83352138151087,0.844134449218817
2.73793199268941,-6.94114435550498,-0.887078347244518
-3.4694587022958,-7.20441067314319,0.0860427887565712
6.54173525611337,1.06102423752217,-0.927920593457785
6.3731520488778,-1.99787231820653,-0.947067010056189
-4.96941747774378,5.45203204924256,0.926223340493763
-3.13677294708415,5.26376029588647,0.488652099364547
0.679303855399802,-7.89109479533154,0.391261092266763
0.823942584133977,-7.20523076705508,0.967678240864651
6.16239145142139,2.66479018104024,-0.958193581085277
-5.59634192799437,3.4103625217331,-0.894831339636791
2.87821331170062,7.25482674996244,0.593396654503615
-6.43404250312748,-0.012088963476072,-0.824442215542927
-6.03653268050415,5.00373531441751,-0.541449934017327
0.312219201228805,-7.38532035993336,0.920000558302865
5.23538377898868,5.64213463224198,0.717126843472334
4.79702958302501,-3.72809875651368,0.380885080079874
5.97929287897938,-3.5894311242483,0.999660604783257
5.67920249988545,-2.20347233358283,-0.418287746852092
5.44185997314183,5.72944876820581,-0.431892100586452
-0.655328543842456,-7.87082727991921,-0.439869642014141
5.63878377549023,5.44295219111534,0.54690591073762
6.09627557586647,5.14231978302416,-0.220158267455176
-3.61356796713924,-4.83400802932015,-0.263551818819327
-4.79870812962601,-4.99497037914971,0.997300144144448
2.52206729344528,-5.60372534530322,-0.518834002568531
2.38372035725216,6.06398564022375,0.874889175544696
-7.12412427999975,1.9615153550826,-0.921141480308816
-4.5479462130568,4.41874595781811,0.752201629167546
4.81194619668502,3.93760361954233,-0.622877119537523
6.36214035565471,4.46534672423732,0.634670671818591
-0.1955010689929,7.87646250901845,0.477027453110609
-6.55951062268691,2.0432132539506,0.991561636781045
-0.311254484320653,-7.4125856072355,0.907931994434241
-4.46498904890904,5.17051626597733,-0.985713829767969
4.35384276369428,6.17924340659647,-0.829144693087285
-5.18996084089479,-3.6376499728709,-0.749360741814602
6.6278054518397,4.34793603687349,0.375836174351885
-4.78705861178129,6.39571210754777,0.149189375982586
3.10045765271824,6.94291394195118,-0.797179814261445
-3.57325375674059,-7.15743097374035,-0.0194910026279098
-5.37859700234673,4.07817136736758,-0.968213072751339
4.44841195344034,-6.52716203203798,0.438206837686805
5.99575716875495,-4.92013634818694,0.654474088229277
-5.85920311903333,-3.24455364016412,-0.953170309572933
3.5303079261073,6.24890649041375,-0.984178543220424
-3.8613331270784,-5.06206883737883,0.773878474276831
-4.63947875147624,-6.01846995580669,0.800653389308243
3.52209035825809,6.65256300137509,-0.84961858910687
0.49565453506234,6.21864374036303,-0.648006790110204
-1.30585006736734,6.57786515252723,0.955876904619862
-3.02194451379503,5.46967958794202,0.660260561593077
-0.396840030031669,-6.09827090704249,0.458235709204989
-2.3063404156169,5.88954761308598,0.737843198553446
7.84734768152559,1.03272110122952,0.403431845453427
-5.74361469210334,1.77945563710662,0.160415144776898
3.18908293590334,-6.15347626476528,-0.997600461546602
7.10973735536555,1.53010161778658,-0.962149551873263
6.20320404336508,2.01613251314734,0.878695247802041
-5.47999725351986,-3.11248153364067,-0.716307052652313
7.80482193845304,1.54179222570869,0.294504426095903
-5.38709399744193,-5.17529011114371,0.882541295438813
-2.90317206380417,-6.57135520091888,-0.982909807571202
3.86949614794862,5.65143912257543,-0.988566786102866
-4.42883657843011,4.66129787091526,-0.821503925778555
-2.09477779087996,-6.28062997417367,-0.925296605561899
7.31233588119781,1.90860556603716,0.830300201525365
4.73920433936275,6.42144533720469,-0.194432694225862
2.08974038601449,-7.29855136669969,0.806063573189547
-7.04501479178326,-2.56167617106552,-0.868154727295777
2.02691790854327,7.04733846601041,-0.942915107018337
5.56806581065965,-2.39435805015737,-0.344049177633716
-3.09260749441724,6.93353608777093,-0.805953452850083
5.27791766941989,-5.04618879779687,0.953281189742519
6.19365357726446,-2.66535680674125,-0.966360556880023
-3.83141268708145,-4.62795636075529,-0.127305306471044
2.44986484837864,5.86380375658911,-0.764183052664807
7.38901910665401,2.04844132716709,-0.744425082818186
5.78491979215338,1.80571949031091,-0.341701341745751
1.79032275060051,5.98930380952138,-0.662752118696278
5.73660521959854,4.84796394821917,-0.859728161246031
-0.773167743625368,7.86924655011626,0.42083351438007
6.55942733866535,-1.79967094306187,0.980167830735033
5.76005175360784,2.3562655521934,-0.629942099844678
7.84586091048807,1.54793131126173,-0.0760890928573442
-7.45981681918466,2.78886393365727,0.265598643239894
6.5337967402817,-3.18636062808682,0.963043423173187
7.27148382051279,0.729777085525496,0.951382202683072
-1.67773238785241,7.51947444320795,0.709835279449797
3.37165915930969,-4.97083210550397,-0.113260373954317
7.64273435476198,-0.954763074126264,-0.712038894354553
1.81593655987432,-7.53265693218756,0.66318622333289
0.567071095950367,7.92496819502963,-0.326403073125189
-3.54202062484287,7.04458720299628,0.465724312216222
5.37171546397454,5.92826130650387,-0.00698974005806447
-3.05524367888148,5.54400911030313,0.742478771789774
-2.40878426582132,-7.62384030007913,-0.0966076403342308
4.29209658052839,5.39580124398965,-0.994439548988436
1.97197675668326,5.76296489584647,0.416827570538932
5.22413040937926,5.79816962467235,0.593944902141508
-6.31419216073647,4.02622573673069,0.872493455915533
-2.46605193142588,-6.2045424015125,0.946282083278052
6.36979304987372,4.79960686420902,0.219473582859187
-4.94999411284903,-6.03318953262612,-0.594681126950914
-6.39489586383063,-1.32457564098817,0.88300425460134
-3.83695233970121,5.03405400356478,-0.742004660320345
6.04514574576244,1.7773693337987,0.715139339288522
-4.61149978635481,-4.00268537852869,0.44874996926123
6.88291548432669,3.77361635397595,0.527582905137371
0.245792121340157,-6.60111269676844,-0.918976261435869
-0.157188756252214,7.16370775406147,0.986221183277257
1.75059376910623,6.36817933544829,0.91842901464113
0.951576294662896,-7.16183872658046,0.974409773992968
7.65338726083906,2.10767198326744,-0.345820511179587
6.52715436876057,-2.18308399940552,0.993079702779903
-7.2671572006373,-1.46921073676549,-0.910192266272524
0.606466327164815,6.22731246594979,0.669040536684788
1.15965313284366,7.90913043645444,0.11212825717286
-2.32906571250508,-7.06463997291328,0.89865236929632
4.28266644058049,-5.65682189603217,0.995464884138978
-1.28214086780447,-6.88098321588143,-0.999999829091352
-2.53896612584957,-7.50766188025492,-0.379088794118471
-7.64078767367034,1.59837667673117,0.591670521182316
3.59317748441708,4.91904189600591,-0.418156941211162
-6.59854836851416,0.991166432209674,0.944877024541483
7.35092638391778,0.853523706489573,0.916378797943137
0.112584509908236,7.98187107522195,0.185389913655821
-0.85113597286963,-6.70402489738703,0.970235974653435
-0.696041125500131,-6.81042470695288,0.988055383304257
-0.260899076998231,-6.93417867760934,0.998142964225456
-0.806727990427672,6.39141432764702,0.829925646786875
-0.731353205620571,7.79518439999453,-0.558629324074994
0.134836307083332,-6.32794945306137,0.741806341480552
-7.28158695094747,-3.29978304367968,-0.105890319280471
5.24066751679673,4.95596191720718,-0.977070548095135
5.01168433993985,-3.82976788093236,-0.721383303416058
-6.04623797132515,2.62121038594896,0.912073158068407
5.78465964316049,5.41415272901677,-0.384586753397618
-7.53078306932575,2.66443638286528,-0.152936419606601
-1.23316766141752,5.92408646473294,0.315500309599136
3.18139570752758,-5.55749718737172,-0.802743113624197
-5.04945256144527,-3.61402339960011,-0.612487610762164
-7.34687868989277,2.5386263922446,0.634271075262807
-1.08262040344986,7.602784317922,-0.733695039798637
-4.45785954955474,4.48719870155001,0.737950695015086
-3.30525877532893,5.01129182118687,-0.0792800275568004
0.702002576052313,6.11670410869122,-0.537687946173064
2.35829490875792,-6.32903391858914,0.969301933384757
-3.15660390503283,7.09647654598651,-0.641813388074742
6.23629846359321,1.25405843965214,-0.769321643448522
-3.4981228547881,4.87809921528169,-0.0737828530321098
5.98322716516737,3.74091082336201,-0.998405689836064
1.42037194091728,7.81405915349088,-0.335327726858044
-0.894977852079017,-7.19170223228862,0.968970488441482
-0.691804312617614,7.81097362153254,0.540179652289868
5.28513524720092,-3.8302481216902,0.881133406385136
4.29234342221116,-5.80073857955033,0.976360792231116
4.87039418274311,5.83886256671088,0.797370795768322
7.16092952965918,-2.96961661139798,-0.658866410402707
4.15642379091613,-6.41787072316627,-0.763137713072678
-5.42910134986351,-5.67892822245059,0.51606517208189
2.94196200741913,-5.68527993359389,0.801026282322748
3.55466494018118,4.8808366972649,0.273272739785219
-3.89825794684537,-4.80087330427835,-0.578387708474947
5.83253197209827,-2.30525114688493,-0.685122081136403
-7.12346421910395,0.988031773354503,0.981461711796427
5.70975056393661,-3.54680526170784,-0.960490497505794
2.36135963141003,-7.15529712064521,0.844933094320447
-5.79758672163412,2.15092470921883,0.57766739189507
3.76632834121795,-6.1335521892999,-0.98027929164389
1.28042333785042,-6.96423733621756,0.996716828906025
3.55600846365999,-6.53546482525426,0.897869415290437
-1.47661240923831,-7.81192536077589,-0.311471572375666
-2.72231884521771,-5.60340596285751,-0.637683237852225
6.0870350078531,-4.58978001886081,0.781806425436778
-4.98110809716393,-5.32061577812192,-0.957517963780685
7.44962648771889,2.89396903410963,-0.12627347082758
1.31209481019157,6.11831576792298,0.669764071640545
2.71924519316096,-5.54058280085188,0.560580713770684
-0.0976233827158257,6.0178883350494,0.192383172712047
-1.4173447981834,-6.54865567516266,0.954027337624757
-7.70371442007549,-0.896395105431192,0.654928537235463
3.37406109356757,6.83539358304713,-0.782390802644013
3.04727411211072,6.44142620183093,-0.992048277643396
-3.18465519277686,6.2882894964618,-0.998811922539784
-6.05751503112873,5.19862757179915,0.186622117777031
5.87994345589261,1.20609589156734,-0.0687545699825323
6.15994454036532,-3.63445321222281,-0.988347540139693
-4.78171112234541,5.881219721488,0.814752327845486
1.7857409056651,-6.49184404317956,0.963688723815382
5.80370186821107,-4.25518058112099,0.980505148673224
1.78289233890441,5.8531042601588,-0.472411614754346
-6.15489604173759,4.61218610129914,-0.722635630880509
1.44872017063638,7.86059260191224,-0.118294499638358
-2.68792905911133,7.36747240842232,0.538715679870755
7.56944687271118,-2.54883201028254,0.160373265516784
1.07516158184295,7.73202847880961,-0.5913393939304
6.89693391538077,3.8189764166125,-0.468107314319305
0.13772915065723,-7.73920571049259,0.672132216085818
7.29885791252377,2.90604554607584,0.516797520247421
-6.14944714795589,3.2399997294742,0.998787804818328
-5.17834773286938,3.74065784655383,0.790934213419553
-0.124560192298297,-7.44504021474519,-0.894992031278519
7.72355335947535,2.0820492018274,-0.0383907871120745
2.23174427539614,5.96408800659719,0.774943045232512
-5.41330936195661,4.58923381795142,0.995301008728506
-7.86183223535332,-1.47970019768824,-0.0161288161344247
-2.23652003256718,-7.10078016429248,-0.895694828000735
6.19688257413431,1.06968081642416,0.702713341942052
6.71189101899606,4.20477287061233,0.391444399581676
-2.99601776436904,5.54345996018065,0.715390686571172
-6.84943360299134,-1.58939221705412,-0.999506178071207
-1.26651934053885,5.86928854550979,0.0935278700382284
-6.23187598690505,-2.9082637753564,-0.992417007522561
1.47580122628279,-7.08117614410807,0.972397908884987
4.43327898451271,4.04606441164802,-0.0639926698988513
-5.7628493560473,-1.70283004885999,-0.135077081199861
-7.52287421667371,-2.2577844278967,-0.519654832022059
0.37371824725127,-7.73258962041821,0.670825413939647
4.44324700538656,-6.62587460282986,-0.209725875689415
-7.32023417135861,-2.21935853778683,0.760555256799097
-4.85449318746542,-3.69951989492462,-0.443017095827781
-6.90193400581051,1.32392964045988,0.999614474480842
-1.01359046251434,6.90263434508413,-0.999727487660684
-5.47553211382165,2.45373055609392,-0.0193447937993706
7.63806186270427,-1.59671902630078,-0.595746570395708
-0.291494471877082,-7.51363446409119,0.854600119311361
5.92695317163891,3.49611827133095,0.992924318158595
3.99568500542511,5.82065977080875,0.998189943484771
1.61517824800249,-7.64226930096223,0.584925468500743
-4.15663711895474,-4.71941830520268,-0.7031132421201
5.16424965914004,4.2944446701751,0.958980099602707
3.79206579801402,-5.46974637616296,0.938847176339202
-5.95960794766082,5.23830196722172,-0.355889645770608
7.77041947473414,0.559714074851413,0.612395067370586
2.39379995167879,5.55820946834338,-0.317596899653896
-3.65449388246117,-4.76247303452588,-0.077899829925174
2.88198836562141,6.39933206727411,-0.999831531566468
2.93307182664907,7.27482848736793,-0.536573425762219
5.96341805645893,-5.04908476922477,0.58113236410675
1.53965730433896,-7.20213888699421,-0.931057435771434
5.96894772967191,1.41168951064621,-0.499372585007701
-2.68886511049721,-7.53107746738247,-0.0812404724413741
-2.50973583821605,7.33077008761767,-0.663155780433029
7.29504553953651,-2.9057124096153,0.522820902092929
-7.83148738079951,-0.641550470691964,0.514115197581562
-5.67520218732593,-3.53969644398616,0.950278947624074
1.53674781063252,-5.80954293689814,0.136485634514027
-3.1269836268029,-6.72314810432657,-0.909928349676532
6.81801900429856,-3.95920740335134,0.467096893427955
3.45057878133799,4.96991321491678,-0.313261686233974
7.67912463272794,-2.20965488670052,-0.135953442250736
-2.30435633269981,6.17410019804099,0.912135696234896
0.0119779949964981,-6.08341822984777,0.399874324362094
2.2203461739109,5.77879470537184,0.587355345230718
4.01832650551563,-6.88014060788711,-0.252335836782016
-1.16380752866592,5.90932546123085,-0.212494866336507
-5.56304274440146,-5.31340823023514,0.721093577006425
6.12329598105491,-0.278962589446204,0.492428534659368
6.22151995706363,-1.31911977279415,-0.768229998331186
4.59226800121283,6.40197094104797,0.477345930673435
7.96775813014053,0.632908922155147,-0.119320678978665
6.43111923828911,-3.59604694690186,-0.929733789603398
2.63021955833324,5.93332328490441,-0.860278527422968
3.69738013813096,6.20261255174236,0.975270962097103
-2.10599029230984,6.17353870277053,0.878830321714002
-5.98646881549641,-0.786399046020966,0.272695693460472
3.83571145051427,6.85992316701933,0.511190519348841
-4.61599706034088,-4.17427153050398,-0.630119173801887
2.77424813650082,5.3719182359259,-0.299765090344709
-6.0016692026717,0.0307220300683942,0.0590983318527024
5.48663947517499,3.58593999701456,-0.89530881729917
6.28328328991655,2.79206371597452,0.992244848370827
-5.64853105376084,3.86485515994798,-0.987787870203372
-6.34048801759656,-4.75219055210983,-0.383104151788527
-5.89820874732714,3.42952781451331,0.984173907433674
6.43659382714652,2.0106142132867,-0.966495361388167
-2.82880298050351,-7.42175632269949,0.333977582879336
4.03891550770543,4.8155169252292,0.699190896340574
5.49046864259566,2.74314382037782,0.506220543802233
-5.65275877100805,3.99493805988185,-0.996948427932988
4.6322264447098,-4.47256674612756,0.827850221238083
7.48984204519243,-2.42479667453528,-0.488487463902338
-5.86162807772358,-2.11037283689993,0.637991312023472
-6.41465398718219,4.73768556936802,0.224169526172564
-7.71206213119881,1.71957169912973,-0.432894169448638
-2.51209886890247,-7.58263188998136,0.154932351480703
-7.11620513114831,-1.4250190376898,0.966282916078045
4.49721206188869,-5.53756075148834,0.991023556092674
6.0743749870235,-0.356304834681803,0.403036072002644
-6.64806008872366,1.13329755290282,0.966667558460614
6.20376620612569,-4.97599728372528,0.3035520602622
3.31600101796021,-7.17218116655776,-0.432470104187762
1.96520384033144,6.35721635985297,-0.938248643379696
3.40744959741112,-5.0990978104884,0.497999098343887
7.75959373088685,1.93892111009621,0.0604840853276161
-3.44039341083697,-5.49829309260997,-0.85775959087637
5.07261802002413,4.35284999093228,-0.948831430532788
-6.01413036047288,2.23169508376004,-0.810920936577897
-3.1398474646882,6.62888754772428,-0.94225284713501
5.45164878207993,-4.08153749983022,-0.981831271445776
7.2265450977952,-0.00286862388704542,-0.974000544503686
-7.28492178940522,-2.03589562672475,-0.825735936219226
0.698816758901583,6.78912374775071,0.984567406287952
5.38610676505103,5.74383877459473,0.485702687863548
-6.10604097786521,0.88831437417955,-0.558238072889053
5.40752396281612,4.95478556873105,0.942484633753768
-6.54757799488196,-0.982459251563767,-0.925346024963657
-5.7613185609721,-4.14663172227344,-0.995146500656358
-6.6167104819809,-3.84860761843583,-0.755990295622038
5.60828438853038,3.71925053758462,0.962709704885534
-5.12771391672285,-6.06507861371111,-0.335035443724544
-3.66440966839765,4.85408353297821,0.396447368137716
4.28876201134844,6.74222609858379,-0.136152778588507
-3.32120160668445,-4.99711535371367,-0.0160304657104461
7.13916278338602,0.686247583912595,0.985084811181109
5.47194131223965,-2.46174159909626,-0.0196348548963004
5.96999130090707,-4.40087577681615,-0.90901115384653
-6.51477006672684,3.29842184154898,0.953251254719457
6.07430100478144,-1.64357858862472,0.706946101918954
-3.92214217054437,5.54100597716216,0.977413273500401
-4.78403031520413,5.98085909611341,0.752295018854159
